{
  "Services": [
    {
      "Url": "https://graph.facebook.com/",
      "Endpoints": [
        {
          "Method": "GET",
          "Path": "/community/groups",
          "Headers": {
            "Authorization": "Bearer @ApiKey"
          },
          "QueryParameters": {
            "fields": "id,name,description,updated_time,cover,icon"
          },
          "ItemPath": "data",
          "ItemType": "GroupsFB",
          "Uri": "https://solutions788.workplace.com/groups/%[id]",
          "ClickableUri": "https://solutions788.workplace.com/groups/%[id]",
          "Title": "%[name]",
          "ModifiedDate": "%[updated_time]",
          "Body": "%[description]",
          "Metadata": {
            "id": "%[id]",
            "groupid": "%[id]",
            "mediaurl": "%[cover.source]",
            "iconurl": "%[icon]"
          },
          "IndexingAction": {
            "ActionOnItem": "Ignore",
            "Condition": "1 == 1"
          },
          "ProcessingAction": {
            "ActionOnItem": "Process",
            "Condition": "1 == 1"
          },
          "Permissions": [
            {
              "PermissionsSets": [
                {
                  "IsAnonymousAllowed": false,
                  "AllowedMembers": [
                    {
                      "Name": "Members of Group #%[id]",
                      "Type": "User",
                      "PermissionType": "MembersGroup",
                      "AdditionalInfo": {
                        "groupid": "%[id]"
                      }
                    }
                  ]
                }
              ]
            }
          ],
          "SubItems": [
            {
              "Method": "GET",
              "Path": "%[coveo_parent.id]/feed",
              "QueryParameters": {
                "fields": "id, updated_time, from,icon,permalink_url,message,picture,place,status_type,story"
              },
              "Headers": {
                "Authorization": "Bearer @ApiKey"
              },
              
              "ItemPath": "data",
              "ItemType": "PostFB",
              "Uri": "%[permalink_url]",
              "ClickableUri": "%[permalink_url]",
              "ModifiedDate": "%[updated_time]",
              "Body": "%[message]",
              "Metadata": {
                "id": "%[id]",
                "groupid": "%[coveo_parent.id]",
                "postid": "%[id]",
                "coveo_foldingcollection": "%[id]",
                "coveo_foldingparent": "%[id]",
                "sfcountry": "%[place.name]",
                "mediaurl": "%[picture]",
                "mymessage": "%[message]",
                "mystory": "%[story]",
                "iconurl": "%[icon]",
                "permalink": "%[permalink_url]"
              },
              "Permissions": [
                {
                  "PermissionsSets": [
                    {
                      "IsAnonymousAllowed": false,
                      "AllowedMembers": [
                        {
                          "Name": "Members of Group #%[coveo_parent.id]",
                          "Type": "User",
                          "PermissionType": "MembersGroup",
                          "AdditionalInfo": {
                            "groupid": "%[coveo_parent.id]"
                          }
                        }
                      ]
                    }
                  ]
                }
              ],
              "SubItems": [
                {
                  "Method": "GET",
                  "Path": "%[coveo_parent.id]/comments",
                  "QueryParameters": {
                    "fields": "id,created_time,from,message,comments"
                  },
                  "Headers": {
                    "Authorization": "Bearer @ApiKey"
                  },
                  "ItemPath": "data",
                  "ItemType": "CommentFB",
                  "Uri": "%[coveo_parent.permalink]-%[id]",
                  "ClickableUri": "%[coveo_parent.permalink]",
                  "Title": "%[message]",
                  "IndexingAction": {
                    "ActionOnItem": "Ignore",
                    "Condition": "NOT %[message]"
                  },
                  "ModifiedDate": "%[created_time]",
                  "Body": "%[comments.data[*].message]",
                  "Metadata": {
                    "id": "%[id]",
                    "coveo_foldingchild": "%[id]",
                    "coveo_foldingcollection": "%[coveo_parent.id]",
                    "groupid": "%[coveo_parent.coveo_parent.id]",
                    "postid": "%[coveo_parent.id]",
                    "author": "%[from.name]",
                    "message": "%[message]"
                  },
                  "Permissions": [
                    {
                      "PermissionsSets": [
                        {
                          "IsAnonymousAllowed": false,
                          "AllowedMembers": [
                            {
                              "Name": "Members of Group #%[coveo_parent.coveo_parent.id]",
                              "Type": "User",
                              "PermissionType": "MembersGroup",
                              "AdditionalInfo": {
                                "groupid": "%[coveo_parent.coveo_parent.id]"
                              }
                            }
                          ]
                        }
                      ]
                    }
                  ]
                },
                {
                  "Method": "GET",
                  "Path": "%[coveo_parent.id]/attachments",
                  "Headers": {
                    "Authorization": "Bearer @ApiKey"
                  },
                  "ItemPath": "data[0].subattachments.data",
                  "ItemType": "AttachmentFB",
                  "ModifiedDate": "%[coveo_parent.updated_time]",
                  "Uri": "%[coveo_url]/%[target.id]",
                  "ClickableUri": "%[url]",
                  "Title": "%[title]",
                  "Metadata": {
                    "id": "%[target.id]",
                    "coveo_foldingchild": "%[target.id]",
                    "groupid": "%[coveo_parent.coveo_parent.id]",
                    "postid": "%[coveo_parent.id]",
                    "coveo_foldingcollection": "%[coveo_parent.id]",
                    "link": "%[url]",
                    "type": "%[type]"
                  },
                  "IndexingAction": {
                    "ActionOnItem": "Ignore",
                    "Condition": "%[type] == 'photo'"
                  },
                  "SubQueries": [
                    {
                      "Path": "%[coveo_parent.link]",
                      "Headers": {
                         "User-Agent":"Mozilla/5.0 (Windows NT 10.0; Win64; x64) AppleWebKit/537.36 (KHTML, like Gecko) Chrome/74.0.3729.169 Safari/537.36"
                      },
                      "Method": "GET",
                      "IsBinaryBody": true
                    }
                  ],
                  "Permissions": [
                    {
                      "PermissionsSets": [
                        {
                          "IsAnonymousAllowed": false,
                          "AllowedMembers": [
                            {
                              "Name": "Members of Group #%[coveo_parent.coveo_parent.id]",
                              "Type": "User",
                              "PermissionType": "MembersGroup",
                              "AdditionalInfo": {
                                "groupid": "%[coveo_parent.coveo_parent.id]"
                              }
                            }
                          ]
                        }
                      ]
                    }
                  ]
                }
              ]
            }
          ],
          "RefreshEndpoints":[
            {
              "Method": "GET",
              "Path": "/community/groups",
              "Headers": {
                "Authorization": "Bearer @ApiKey"
              },
              "QueryParameters": {
                "fields": "id,name,description,updated_time,cover,icon"
              },
              "ItemPath": "data",
              "ItemType": "GroupsFB",
              "DateFormat":"UnixEpoch",
              "Uri": "https://solutions788.workplace.com/groups/%[id]",
              "ClickableUri": "https://solutions788.workplace.com/groups/%[id]",
              "Title": "%[name]",
              "ModifiedDate": "%[updated_time]",
              "Body": "%[description]",
              "Metadata": {
                "id": "%[id]",
                "groupid": "%[id]",
                "mediaurl": "%[cover.source]",
                "iconurl": "%[icon]"
              },
              "IndexingAction": {
                "ActionOnItem": "Ignore",
                "Condition": "1 == 1"
              },
              "ProcessingAction": {
                "ActionOnItem": "Process",
                "Condition": "1 == 1"
              },
              "Permissions": [
                {
                  "PermissionsSets": [
                    {
                      "IsAnonymousAllowed": false,
                      "AllowedMembers": [
                        {
                          "Name": "Members of Group #%[id]",
                          "Type": "User",
                          "PermissionType": "MembersGroup",
                          "AdditionalInfo": {
                            "groupid": "%[id]"
                          }
                        }
                      ]
                    }
                  ]
                }
              ],
              "SubItems": [
                {
                  "Method": "GET",
                  "Path": "%[coveo_parent.id]/feed",
                  "QueryParameters": {
                    "fields": "id, updated_time, from,icon,permalink_url,message,picture,place,status_type,story",
                    "since":"@RefreshDate"
                  },
                  "Headers": {
                    "Authorization": "Bearer @ApiKey"
                  },
                  
                  "ItemPath": "data",
                  "ItemType": "PostFB",
                  "Uri": "%[permalink_url]",
                  "ClickableUri": "%[permalink_url]",
                  "ModifiedDate": "%[updated_time]",
                  "Body": "%[message]",
                  "Metadata": {
                    "id": "%[id]",
                    "groupid": "%[coveo_parent.id]",
                    "postid": "%[id]",
                    "coveo_foldingcollection": "%[id]",
                    "coveo_foldingparent": "%[id]",
                    "sfcountry": "%[place.name]",
                    "mediaurl": "%[picture]",
                    "mymessage": "%[message]",
                    "mystory": "%[story]",
                    "iconurl": "%[icon]",
                    "permalink": "%[permalink_url]"
                  },
                  "Permissions": [
                    {
                      "PermissionsSets": [
                        {
                          "IsAnonymousAllowed": false,
                          "AllowedMembers": [
                            {
                              "Name": "Members of Group #%[coveo_parent.id]",
                              "Type": "User",
                              "PermissionType": "MembersGroup",
                              "AdditionalInfo": {
                                "groupid": "%[coveo_parent.id]"
                              }
                            }
                          ]
                        }
                      ]
                    }
                  ],
                  "SubItems": [
                    {
                      "Method": "GET",
                      "Path": "%[coveo_parent.id]/comments",
                      "QueryParameters": {
                        "fields": "id,created_time,from,message,comments"
                      },
                      "Headers": {
                        "Authorization": "Bearer @ApiKey"
                      },
                      "ItemPath": "data",
                      "ItemType": "CommentFB",
                      "Uri": "%[coveo_parent.permalink]-%[id]",
                      "ClickableUri": "%[coveo_parent.permalink]",
                      "Title": "%[message]",
                      "IndexingAction": {
                        "ActionOnItem": "Ignore",
                        "Condition": "NOT %[message]"
                      },
                      "ModifiedDate": "%[created_time]",
                      "Body": "%[comments.data[*].message]",
                      "Metadata": {
                        "id": "%[id]",
                        "coveo_foldingchild": "%[id]",
                        "coveo_foldingcollection": "%[coveo_parent.id]",
                        "groupid": "%[coveo_parent.coveo_parent.id]",
                        "postid": "%[coveo_parent.id]",
                        "author": "%[from.name]",
                        "message": "%[message]"
                      },
                      "Permissions": [
                        {
                          "PermissionsSets": [
                            {
                              "IsAnonymousAllowed": false,
                              "AllowedMembers": [
                                {
                                  "Name": "Members of Group #%[coveo_parent.coveo_parent.id]",
                                  "Type": "User",
                                  "PermissionType": "MembersGroup",
                                  "AdditionalInfo": {
                                    "groupid": "%[coveo_parent.coveo_parent.id]"
                                  }
                                }
                              ]
                            }
                          ]
                        }
                      ]
                    },
                    {
                      "Method": "GET",
                      "Path": "%[coveo_parent.id]/attachments",
                      "Headers": {
                        "Authorization": "Bearer @ApiKey"
                      },
                      "ItemPath": "data[0].subattachments.data",
                      "ItemType": "AttachmentFB",
                      "ModifiedDate": "%[coveo_parent.updated_time]",
                      "Uri": "%[coveo_url]/%[target.id]",
                      "ClickableUri": "%[url]",
                      "Title": "%[title]",
                      "Metadata": {
                        "id": "%[target.id]",
                        "coveo_foldingchild": "%[target.id]",
                        "groupid": "%[coveo_parent.coveo_parent.id]",
                        "postid": "%[coveo_parent.id]",
                        "coveo_foldingcollection": "%[coveo_parent.id]",
                        "link": "%[url]",
                        "type": "%[type]"
                      },
                      "IndexingAction": {
                        "ActionOnItem": "Ignore",
                        "Condition": "%[type] == 'photo'"
                      },
                      "SubQueries": [
                        {
                          "Path": "%[coveo_parent.link]",
                          "Headers": {
                             "User-Agent":"Mozilla/5.0 (Windows NT 10.0; Win64; x64) AppleWebKit/537.36 (KHTML, like Gecko) Chrome/74.0.3729.169 Safari/537.36"
                          },
                          "Method": "GET",
                          "IsBinaryBody": true
                        }
                      ],
                      "Permissions": [
                        {
                          "PermissionsSets": [
                            {
                              "IsAnonymousAllowed": false,
                              "AllowedMembers": [
                                {
                                  "Name": "Members of Group #%[coveo_parent.coveo_parent.id]",
                                  "Type": "User",
                                  "PermissionType": "MembersGroup",
                                  "AdditionalInfo": {
                                    "groupid": "%[coveo_parent.coveo_parent.id]"
                                  }
                                }
                              ]
                            }
                          ]
                        }
                      ]
                    }
                  ]
                }
              ]
            }
          ]
        }
      ]
    }
  ]
}